nutrition_id,recipe_id,calories,sodium,carbohydrate,fat,protein
1,1,220,99,3,17,14
2,2,215,240,20,9,14
3,3,45,277,9,1,2
4,4,75,22,10,2,4
5,5,65,78,2,1,12
6,6,100,361,12,0,13
7,7,20,260,3,0,2
8,8,45,2441,7,1,2
9,9,170,74,13,12,3
10,10,195,138,30,5,7
11,11,155,24,32,1,5
12,12,150,133,18,5,8
13,13,175,38,19,9,4
14,14,210,79,30,6,9
15,15,60,76,14,0,1
16,16,73.4,12.5,12.7,1.6,2.1
17,17,54.3,18.5,4.9,2.4,3.4
18,18,123.2,167.9,19,1.5,8.4
19,19,35.8,34.5,7.1,0,1.8
20,20,77.3,124.6,2.4,4.2,7.5
21,21,72.6,191.9,4.2,3.9,5.3
22,22,148.9,107.1,14.7,6.6,7.7
23,23,235,151,2,24,3
24,24,24.5,171.3,4.7,0,1.4
25,25,84,109.7,10.6,0.4,9.6
26,26,44.9,272,10.1,0,1.1
27,27,62.6,138.5,7.6,2.2,3.1
28,28,53.9,874.2,10.9,0,2.4
29,29,90.5,11.3,7.4,6.2,1.2
30,30,326.3,976,43,7.2,22.3
31,31,253.3,196,15,9.5,26.9
32,32,100.1,54.4,7.7,0.9,15.4
33,33,314.1,55.9,53.7,3.9,16
34,34,124.9,790.3,3.2,6.1,14.3
35,35,261.8,636,11.5,14.6,21
36,36,250,352.2,13.5,14.1,17.2
37,37,119.1,455.9,8.2,1.1,19.2
38,38,343.6,633.5,68.1,3,11.2
39,39,112,144.8,16,4,3
40,40,277.1,776.6,1.79,2.73,5.87
41,41,161.1,355,1.34,2.61,6.78
42,42,195.3,447.2,3.13,2.99,2.99
43,43,159.1,549,2.5,0.7,2.4
44,44,53.9,385.1,5.2,2.3,3
45,45,395.9,334.9,8.67,2.41,6.23
46,46,342.7,778,3.99,3.63,5.37
47,47,299.9,163.6,8.26,0.09,4.46
48,48,126.3,347.1,9.9,6.8,6.4
49,49,171.7,111.6,2.92,1.36,2.8
50,50,165.4,640.3,2.4,1.13,3.08
51,51,85.7,243.1,6.3,3.9,6.4
52,52,312.7,409.2,2.93,2.96,3.48
53,53,282.6,41.4,37,10.4,10.4
54,54,36.9,490.7,6.1,1.4,0.1
55,55,278.1,611.4,24.8,9.7,22.9
56,56,196.3,21.6,47,0.3,1.3
57,57,273,204.4,19.2,13.2,19.2
58,58,213.5,295.4,25,4.7,17.9
59,59,282.6,941.7,20.4,8.5,31.2
60,60,302.9,289.3,11.2,16.8,26.6
61,61,220.9,570.8,5.2,8.8,30.2
62,62,289.5,59.8,805,23.4,11.2
63,63,201.3,471.6,34,1.4,13.1
64,64,351.9,347.2,29.1,20.3,13.2
65,65,150.1,101.4,26.8,2.3,5.6
66,66,206.2,206.1,28.3,4.8,12.4
67,67,16.1,16.8,2.6,0.3,0.6
68,68,415.5,290.9,47.5,14.5,23.8
69,69,487.2,192.9,19.8,31,32.2
70,70,588.5,362.3,40.1,41,14.8
71,71,330.2,389.6,27,14,24
72,72,382.5,416.6,18.7,18.2,36
73,73,1028.5,74.9,149.1,37.3,242.2
74,74,508.4,194.4,6.3,37.6,36.2
75,75,618.4,136.9,22.5,44.6,31.8
76,76,420.4,193.2,8,29.6,30.4
77,77,498.2,159.9,35,19.7,45.3
78,78,202.3,213.5,34.1,3.7,8.1
79,79,516.4,831.7,82.8,11,21.6
80,80,222.4,226.1,8,9.5,26.3
81,81,325.2,242.5,6.9,15.7,39.1
82,82,217.6,215.4,23.2,8.7,11.7
83,83,400.5,77.2,68.4,7.3,15.3
84,84,259,398.9,16,13.2,18.9
85,85,162.2,67.7,25.3,5.6,2.6
86,86,379.4,522.8,77,4,9
87,87,304.9,427,26.7,14.6,16.7
88,88,99.8,167.7,10.8,1.6,10.6
89,89,71.6,151.4,15.6,0.2,1.7
90,90,401,262.9,10.9,28.8,24.6
91,91,176.8,108.3,37.6,0.5,5.4
92,92,408.4,256.8,66.2,11.2,10.7
93,93,234.5,327.6,29.8,3.3,20.2
94,94,53.3,404,6.8,0.8,5.2
95,95,147.7,532.1,11.7,4.6,16.2
96,96,210.7,55.5,4.95,6.13,15.02
97,97,227.8,127.6,18.36,6.75,12.01
98,98,105.6,146.5,1.53,10.56,18.71
99,99,333.2,426.2,19.26,6.88,13.13
100,100,173.5,33.8,7.25,2.55,9.14
101,101,684,327.8,21.25,12.89,5.99
102,102,176.7,297.3,23.01,1.15,3.47
103,103,338.5,72.4,17.26,0.27,0.95
104,104,543.4,228.8,18.32,3.39,4.04
105,105,466.8,952.4,25.03,7.71,5.26
106,106,913.4,698.8,15.78,8.57,4.73
107,107,422.1,445.1,25.83,15.17,5.98
108,108,525.2,332.7,14.66,2.97,3.25
109,109,307.9,145,26.6,4.86,3.14
110,110,60,122,0.8,1.1,11.8
111,111,76.8,79.2,18.4,0,0.7
112,112,135.8,240.4,4.3,6.3,15.4
113,113,233.4,552.7,20.7,10.6,103.8
114,114,285.3,280.1,36.6,10,12.3
115,115,119.1,81.4,20.4,3.5,1.6
116,116,96.7,431,1.1,1.8,19.1
117,117,184.5,135,19.7,7.6,9.4
118,118,291.2,736.7,64.9,2.7,1.9
119,119,148.7,295.8,7.4,3.9,21.1
120,120,64.1,464.1,13.9,0.3,1.5
121,121,118.3,48.1,5.4,6.9,8.6
122,122,103,616.5,18.6,0.3,6.5
123,123,162.3,110.8,7.7,3.9,24.2
124,124,202.4,209.2,12.6,9.8,16.1
125,125,184.6,202,16.2,8.7,10.4
126,126,348.8,111.4,64.8,7.8,4.8
127,127,558,156.7,63.5,23.3,23.5
128,128,125.5,656.6,3.9,2.3,22.2
129,129,353.7,197,40.1,8.8,28.5
130,130,164.8,111.5,14.8,3.9,17.5
131,131,444.9,248.3,66.9,15.2,10.2
132,132,555,260.2,14,45.5,22.4
133,133,542.4,398.8,15.9,44.5,19.5
134,134,129.8,244.8,16.5,1.7,12.1
135,135,400,194.3,33.2,14.2,34.8
136,136,623.9,182.7,25.9,47.1,24.2
137,137,269,242.7,32.6,15.3,6.9
138,138,285.9,222.1,8.1,15.4,28.7
139,139,381.2,341.2,75.9,6,5.9
140,140,417.6,76,70,6.9,18.8
141,141,320.6,47.2,73,0.5,6.1
142,142,296.7,275.8,0,14.5,41.5
143,143,282.9,92.1,53.1,4.7,7.1
144,144,309.2,159.9,15.8,23,9.7
145,145,103,90.1,7.1,1.1,16.2
146,146,133.8,139.4,15,6.4,3.9
147,147,271.2,459.2,36.8,8,12.9
148,148,230.7,97.8,16.9,5.3,28.8
149,149,283.8,393.2,41,10,7.4
150,150,314.1,55.9,53.7,3.9,16
151,151,177.4,245.6,10,4,25.3
152,152,150.4,51.9,26.2,0.7,9.9
153,153,286.6,191.4,32.5,11.2,14
154,154,140.2,229.6,6.8,7.6,11.1
155,155,515.2,488.5,25.5,5.43,5.85
156,156,467.9,234.1,25.05,4.9,4.27
157,157,493.2,681.9,26.9,2.99,7.28
158,158,612.1,435.2,24.5,4.46,3.52
159,159,335.1,79.4,35.43,6.84,5.79
160,160,536.3,111,37.6,7.44,7.15
161,161,553.4,454.1,20.5,6.08,7.12
162,162,252.4,118.1,19.63,2.12,4.29
163,163,375.2,750.7,18.4,3.4,2.6
164,164,468.1,171.7,19.83,2.72,8.57
165,165,319.8,109.3,25.9,2.75,5.78
166,166,660.2,537.1,25.1,6.75,6.56
167,167,452.2,244.4,14.5,3.42,13.9
168,168,421.5,104,28.1,1.27,5.19
169,169,282.2,471.7,16.2,14.3,22.2
170,170,254.1,210.5,5.7,16.9,19.8
171,171,168.1,437.6,29.4,1.8,8.5
172,172,120.3,147.7,9.6,8.8,0.6
173,173,303.9,189.2,41.2,10.8,10.4
174,174,270.4,371,42.1,8.4,6.6
175,175,288.6,604.7,5.2,16,31.1
176,176,250.2,196.6,45.6,3.7,8.8
177,177,220.4,95.8,34.1,5.5,8.7
178,178,90.3,280.6,6.9,1.5,12.3
179,179,360.9,269.5,11.4,27.8,16.3
180,180,227.9,82.3,43.7,2.8,7
181,181,117.3,11.3,25.2,0.8,2.4
182,182,152.2,64.7,33.1,0.8,3.1
183,183,175.1,147.7,8.7,7.1,19.2
184,184,356.4,497.3,47.9,12.4,14.1
185,185,274.4,365.3,13.2,17,17.1
186,186,828.9,774.5,74,49.4,22.1
187,187,458.7,312.5,15.7,30.6,30.6
188,188,480.7,272.6,56.8,173.9,23.2
189,189,301.8,382.2,34.5,10.3,17.8
190,190,557.1,462.3,63.1,21,29
191,191,160.9,42,28.9,1.9,7.1
192,192,422.5,269.9,20.5,30.8,15.7
193,193,224.2,102.5,36.2,4,10.9
194,194,596.6,426.6,24.4,41,32.4
195,195,306.8,237.7,47.7,5.4,16.7
196,196,484.1,519.8,59.2,12.2,34.3
197,197,277.8,174.1,42,5.7,14.7
198,198,338.1,248.7,8.43,6.41,15.5
199,199,281.5,83.5,8.03,1.65,16.1
200,200,96.8,64.3,10.8,1.94,7
201,201,316.2,264.9,29.2,6.19,10.2
202,202,93.7,57.3,5.64,5.22,8.94
203,203,268.6,444.3,10.5,7.89,13.4
204,204,323.8,494.7,13.5,8.51,11.2
205,205,581.7,527.9,8.54,33.2,8.22
206,206,275.5,161.9,11.1,17.5,18.5
207,207,344.4,292.7,9.64,9.99,11.5
208,208,166.7,193.3,16.1,4.28,13.8
209,209,112,327.2,5.72,0.91,10.5
210,210,312.2,141,7.35,17,9.66
211,211,354.3,251.6,63.6,6.5,10.5
212,212,53.5,298.5,1,2.1,7.7
213,213,160.4,155.9,3.8,5.9,22.9
214,214,171.3,254.7,15.5,8.8,7.5
215,215,370,45.5,53.2,14.1,7.5
216,216,28,42.5,4.9,0.1,1.8
217,217,277.4,210.3,13.4,19.4,12.3
218,218,49.3,75.2,4.4,2.8,1.6
219,219,234.1,284.5,14,11.9,17.7
220,220,53.6,109.2,9.7,1.2,1
221,221,142.4,32.2,20.3,3.3,8
222,222,328.3,74.7,2.1,26.5,20.4
223,223,236,287.6,0.1,20.2,13.3
224,224,255.1,118.2,37.6,4.4,16.3
225,225,105.7,50.3,15.5,4,1.9
226,226,200.5,36.7,45.4,0.2,401
227,227,341.4,564.3,9.7,12.2,48.2
228,228,467.7,551.7,17.6,30.5,30.7
229,229,382.5,320.1,39.89,12.9,26.7
230,230,327.4,172.7,48.7,5,21.8
231,231,638.1,206,22,49.2,26.7
232,232,418,245.8,31.8,21.3,24.8
233,233,388.6,162.1,15.5,19.1,38.7
234,234,350.4,235.1,49.5,7.9,20.2
235,235,731.8,290.7,88.1,35.2,15.6
236,236,164.8,171.2,7.1,12.7,5.4
237,237,303.3,243.5,7.5,17.8,28.3
238,238,289.1,81.9,57.8,2.4,9
239,239,227.6,124.8,48.8,2.1,3.4
240,240,450.1,267.3,43.9,27.6,6.6
241,241,239,102.1,9.8,14.9,16.5
242,242,301.4,276.5,9.5,14.4,33.5
243,243,361.2,161.2,25.5,12.4,36.9
244,244,94.8,60.7,19.1,1.2,1.8
245,245,317.1,978.4,18.2,16.2,24.6
246,246,215.4,108.8,39.9,3.2,6.7
247,247,333.2,69.7,55.6,9.1,7.3
248,248,53.7,226.9,12.2,0.1,1
249,249,271.8,566.2,8.3,11.8,33
250,250,126.1,44.1,30.5,0,0.9
251,251,348.3,128.8,55.7,6.3,17.2
252,252,359.5,264.4,64.9,5,13.6
253,253,107.6,178.3,0.8,7.6,9
254,254,167,953.1,36.2,1,3.4
255,255,242.4,549.7,4.4,15.2,22
256,256,350,59,36,17,13
257,257,155,168,6,2,28
258,258,150,201,16,8,3
259,259,60,80,13,0,2
260,260,70.1,204,6.9,2.4,5.1
261,261,141.5,150.1,7.5,10.3,4.7
262,262,209.3,56.6,3.9,13.7,17.6
263,263,183.4,97.2,4.61,3.13,3.15
264,264,167.9,460.3,2.77,0.4,9
265,265,168,251.5,4.71,4.58,8.45
266,266,302.9,82.9,3.66,2.71,13.5
267,267,452.5,26.8,16.1,4.68,12.9
268,268,440.3,197.4,5.57,1.15,2.96
269,269,363.2,90.5,5.63,5.64,4.1
270,270,276.1,680.5,9.2,4.6,3.3
271,271,267.7,277.3,3.87,1.15,7.19
272,272,103.8,79.7,2.47,1.32,2.89
273,273,171.1,72.8,4.58,0.79,2.52
274,274,186.1,220.6,0.99,1.69,4.95
275,275,88.2,566.5,2,0.5,1
276,276,285,53,17,20,9
277,277,80,11,10,3,3
278,278,64.2,64.3,3.4,3.7,4.3
279,279,70,15,15,1,0
280,280,129.2,774.8,2.58,0.88,4.83
281,281,84.1,432.7,2.2,0.5,1.4
282,282,28.7,77.1,4.5,0.3,2
283,283,30.4,69.4,1.12,0.6,0.73
284,284,123.4,525.7,2.37,0.26,2.41
285,285,120.6,659,5.77,0.01,0.87
286,286,218.9,299.9,2.34,5.03,3.13
287,287,174.4,229.1,6.28,2.25,3.64
288,288,156.2,456.5,3.86,1.13,2.83
289,289,131.8,568.6,3.12,1.06,2.29
290,290,134.5,276.1,5.2,1.45,5.38
291,291,163.6,677.9,4.63,1.39,4.87
292,292,381,260.1,14.73,4.66,6.85
293,293,270,771,24,12,16
294,294,165,77,26,5,4
295,295,121.3,197.1,19.6,3.5,2.9
296,296,157.4,46.9,14.7,7.8,7.2
297,297,180.1,45.6,30.1,5.1,3.1
298,298,218.2,117.8,21.8,11.4,7.1
299,299,123.9,58.7,2.2,9.1,8.2
300,300,158,5.2,27.7,4,2.8
301,301,67.5,12.4,9.7,0,7.1
302,302,644.9,505.1,20.15,1.14,3.33
303,303,622.5,121,30.8,3.92,4.73
304,304,190.4,423.2,4.9,1,1.1
305,305,360.6,241.7,17.23,3.59,6.55
306,306,396.9,158,22.8,11.17,9.11
307,307,279.4,22.8,23,12.7,18.2
308,308,208.5,51,1.1,14,19.5
309,309,115.9,64.1,21.9,1.9,2.8
310,310,289.9,33.7,9,22.9,12.1
311,311,133,343.1,18.3,6.1,1.2
312,312,388.5,73.1,46.7,14.8,17.1
313,313,150.8,62.4,10.4,9.8,5.3
314,314,96.2,112.5,6.5,5.2,53.9
315,315,191.5,294,10,6,24.4
316,316,251.1,164.7,54.1,1.9,4.3
317,317,167.3,771,25.1,0.8,14.9
318,318,200,481,7,14,12
319,319,10.4,131.8,1.1,0.2,1.1
320,320,36.9,43.4,7.9,0.1,1.2
321,321,36.9,59.1,6.1,0,3
322,322,38.4,13.3,8.5,0,1
323,323,21.2,64.9,4.6,0,0.6
324,324,669.4,311.6,19.35,6.2,3.91
325,325,254.3,138.3,54.4,1.2,6.6
326,326,318.2,83.4,9.85,6.19,15.8
327,327,141.8,232.3,6.74,3.82,20.4
328,328,741.4,216.6,20.8,11,7.8
329,329,281.4,202.1,16.6,1.96,14.8
330,330,255.4,57,9.12,6.14,11.9
331,331,523,93.7,10.3,12.6,13.7
332,332,210.2,32,9.64,8.33,8.88
333,333,100.5,119.3,1.15,0.76,15.1
334,334,745.4,282.4,6,29,14.9
335,335,233.1,113.6,3.98,3.59,2.22
336,336,250.6,90.5,19.4,5.51,1.64
337,337,119.4,137.3,0.03,1.03,19.9
338,338,332.5,192.5,58.3,5.4,12.6
339,339,301,269.9,39.4,11.2,10.5
340,340,229.9,183.4,26.2,8.4,12.3
341,341,156.3,1010.5,12,2.7,21
342,342,494.2,22.4,104.3,4.3,9.6
343,343,115.7,32.8,20.6,2.7,2.2
344,344,80,72.3,9,4.3,0.5
345,345,134.5,112.9,8.7,9.8,3
346,346,116.8,63.9,5,4.5,14.2
347,347,25.4,174.1,3,0.7,1.8
348,348,122.3,64.3,23.7,1.4,3.7
349,349,397.2,120.6,4.1,35.7,14.8
350,350,187.9,54.1,4.8,8.7,22.6
351,351,370.8,166.1,57.1,11.8,9
352,352,89,58,9.1,4.6,2.9
353,353,433.3,167.6,42.6,22.4,15.4
354,354,147.2,212.4,11.6,5.4,13.1
355,355,272.9,439.1,20.6,6.5,33
356,356,686.1,206.4,69.8,32.7,28.3
357,357,573.1,377.9,22.4,40.8,29.1
358,358,412.3,284.3,24.3,20.3,33.2
359,359,601.6,473.5,67.4,29.4,16.8
360,360,379.3,181.2,71.1,3.6,15.6
361,361,332.5,107,54.6,7.8,10.8
362,362,242.1,448.3,45.8,2,10.3
363,363,113.1,232.1,7.4,0.9,18.9
364,364,236.6,205.1,40.9,4.2,8.8
365,365,416.3,104.5,49.8,6.8,38.9
366,366,53.5,165.8,8.9,0.5,3.3
367,367,292.3,504.9,5.4,17.1,29.1
368,368,38.5,329.2,6.2,0.6,2
369,369,220.9,33.8,30.1,6.8,9.9
370,370,96.7,414.6,10.2,1.2,11.3
371,371,298.3,256.7,17,2.5,51.9
372,372,133.3,217.8,30.6,0.1,2.5
373,373,182.1,206.1,17.2,5.3,16.5
374,374,308.8,60.7,8.7,22,19
375,375,137.7,51.4,7.5,9.3,6.1
376,376,140.9,73.2,33.2,0.2,1.6
377,377,403,1199.1,22.3,16.4,41.5
378,378,95.4,500,17.3,0.5,5.4
379,379,191.1,318.5,26.5,0.4,20.3
380,380,304,72.8,51.8,6.1,10.4
381,381,323.6,189.8,9.7,16.7,33.7
382,382,323.2,50.9,51.1,7.2,13.6
383,383,541.5,140.7,88.4,9.6,25.3
384,384,521.6,172,80.3,10.4,26.7
385,385,151.4,168.2,3.2,18.7,7.7
386,386,35.5,448.4,4.6,1.3,2.6
387,387,123.6,109.2,16.1,6.2,3.1
388,388,24.1,1178.3,5.3,0.1,0.5
389,389,291.7,70,42.2,14.7,2.8
390,390,173.2,3.1,38.1,3.44,1.56
391,391,106.4,382.1,8.2,1,15.8
392,392,248.6,212.7,14.8,16.1,10.9
393,393,317.2,498.8,46.8,8.3,11.7
394,394,134.2,465.7,12.2,5.7,7.9
395,395,220.8,496.2,29.7,5.8,11.6
396,396,181.5,124.1,15,9.9,10
397,397,270.2,91.6,32.8,13.1,5.3
398,398,80.2,109.5,13.8,1.1,3.8
399,399,148.7,223.6,10.6,3.2,19.4
400,400,109.1,344.3,16.2,3.2,3.8
401,401,57.2,52.2,12.2,0.3,1.4
402,402,129,155.2,3.9,5.9,15.2
403,403,212,402.8,44,1.8,5
404,404,178.3,446.4,4.6,10,17.5
405,405,87.4,115.8,6.8,2.3,9.8
406,406,132.7,191.8,3.2,4.3,20.3
407,407,279.8,183.8,42.8,6.4,12.7
408,408,186.9,491.9,29.5,5.8,4.2
409,409,154.2,40.1,10,9.4,7.5
410,410,43.8,107,8.9,0.1,1.8
411,411,455.5,256.4,3.5,28.1,47.3
412,412,184.6,150.3,27.4,2.7,12.7
413,413,213.7,66.5,40.3,3.5,5.2
414,414,203.8,136.1,38.4,5.4,0.4
415,415,449.4,575.8,85.2,6.3,13
416,416,145.4,253.4,19.4,1.3,14.1
417,417,110.1,242.1,24.1,1.5,0
418,418,274.1,196,34.9,6,20.1
419,419,51.1,160.9,5.5,0.9,5.3
420,420,488.6,274.5,47.9,25.4,17.1
421,421,200,275,13.2,2.5,31.2
422,422,121,175.8,7,1.3,20.4
423,423,217.7,587.3,14.4,10.9,15.5
424,424,317.9,53.4,51.9,7,11.9
425,425,174.3,607.3,40.8,0.6,1.4
426,426,379.2,330.4,1.5,21.1,45.9
427,427,76,278.5,15.1,0.2,3.5
428,428,415.3,92.9,31.9,20.6,25.6
429,429,338.7,10.9,28.9,19.6,11.7
430,430,527.1,206.4,83.5,13.3,18.4
431,431,242.5,55.5,34.2,6,12.9
432,432,183.4,235.5,21,4.3,15.1
433,433,342.4,290,5.1,26.2,21.5
434,434,275.9,202.1,58,0.6,9.7
435,435,210.3,149.4,16.6,4.7,25.5
436,436,146.9,119.2,23,1.5,10.5
437,437,656.4,224.2,100.9,17.7,23.3
438,438,359.7,168.7,19.5,19.8,25.8
439,439,281.2,151.4,21.6,9,28.4
440,440,13.4,141.6,13.2,1.3,12.2
441,441,96.5,1016.3,20.7,0.5,2.3
442,442,327.9,152.6,1.6,22.6,29.6
443,443,28.7,540,4.9,0.7,1.5
444,444,320.6,684.5,37,11.2,21.8
445,445,229,199.8,6.8,16.1,197.5
446,446,174,706.9,12.9,8.9,11
447,447,29.4,381.3,2.5,1,3.6
448,448,124.7,2.2,13.4,7.5,2.1
449,449,73.1,395.8,4.9,4.7,3.8
450,450,41.2,339.1,1.2,4,0.6
451,451,71.3,17,14.4,0.88,1.65
452,452,159.8,26.5,24.1,5.8,4.5
453,453,387.2,459.9,77.5,1.9,12.8
454,454,407.3,456.8,76.1,6.1,11.7
455,455,190.1,1236.7,21,505,14.1
456,456,472.2,193.7,18.8,35.3,19.9
457,457,196.3,168.8,5.8,10.8,18.9
458,458,247.9,140.9,48.3,3.9,4.9
459,459,346,120.8,32.9,17.2,15
460,460,80.9,106,17.3,0.6,1.6
461,461,322.1,696.1,11.8,9.3,47.9
462,462,435.5,632.5,15,18.6,52
463,463,531.8,522.4,52.5,23.9,26.5
464,464,297.5,325.3,10.1,17.6,24.8
465,465,530.9,125.1,80,15.4,18
466,466,309,245.3,31.9,9.9,23.1
467,467,476.4,328.5,32.8,26.7,26.2
468,468,656.6,718.8,16.6,51,32.8
469,469,225.9,109.9,36,1.3,17.6
470,470,155.7,410.1,27.7,1.7,7.4
471,471,255.6,76.5,37.4,8.3,7.7
472,472,381.7,196.8,8.7,23.4,34.1
473,473,342.8,218.4,51,9.7,12.8
474,474,91.7,89.5,20.5,0.4,1.5
475,475,669.2,903,29.9,31.3,67.1
476,476,338.6,356.9,18.5,14.4,33.8
477,477,225.3,412.1,42.5,1.4,10.6
478,478,429,313.2,14.7,20.1,47.4
479,479,357.4,408.9,29.3,12.2,32.7
480,480,280.7,120.7,11.3,17.5,19.3
481,481,487.3,133.2,56.7,25.5,7.7
482,482,163.5,233.6,12.2,1.1,26.2
483,483,196.8,152.5,12.5,5.5,24.2
484,484,202.3,306.6,16.1,9.5,13.1
485,485,307.5,486.9,15.2,21.6,13.1
486,486,407.1,349.6,25.2,12,49.6
487,487,246.8,122.3,56.5,0.9,3.1
488,488,104.7,217.5,14.1,0.9,9.9
489,489,451.6,95.6,64.4,11.2,23.3
490,490,274.2,306.8,8.4,10.4,36.7
491,491,202.3,379.5,21.9,9.3,7.7
492,492,230.2,168.8,18.7,8,20.7
493,493,59.8,20.7,14.6,0,0.3
494,494,86.7,577.2,6.2,5.9,9.5
495,495,165,478.8,14.1,7.2,10.7
496,496,468.7,298.9,88.7,6,17.5
497,497,212.8,228.7,33,4.9,11.8
498,498,400,447.6,82.8,4.5,9.3
499,499,295.8,240.3,57.9,3.9,6
500,500,59,300.9,4.2,2.9,4.6
501,501,140.6,205.9,12.3,3.3,14.9
502,502,105.2,165,1,7.9,6.8
503,503,445.2,419.7,64.3,16.3,9
504,504,305.1,354.3,34.2,14.3,9.8
505,505,114,579.9,5.3,3.9,14.2
506,506,22.3,94.2,2.4,1.1,0.8
507,507,397.5,563.2,66.3,4.8,27.1
508,508,72.9,91.4,8.3,3.6,1.8
509,509,272.4,129.1,48.2,5.3,8
510,510,351,503.7,73.9,2.7,7.8
511,511,503,169,25.2,34.3,23.3
512,512,346.1,197.1,57.5,7,13.3
513,513,369.1,1259.7,60.9,6.4,17
514,514,441.5,645.9,65.7,11.5,18.9
515,515,357.2,358.1,71.4,2.4,12.5
516,516,333.2,171.3,58.5,6.7,9.8
517,517,545.1,391.6,23.4,37.3,29
518,518,236.7,199.1,10.5,13.8,17.6
519,519,391.5,171.5,15.7,30.5,13.6
520,520,349.2,372.1,23.2,19.9,19.3
521,521,310.8,301.7,9.4,24.2,13.8
522,522,374.4,460.2,50,6.3,29.3
523,523,290.9,58.9,18,13,25.4
524,524,363.4,506.1,33.4,16,21.5
525,525,321.7,347.3,8,10.9,47.9
526,526,345.9,98.6,58.8,7.4,11.1
527,527,258.8,395.2,12.3,18.8,10.1
528,528,530,127.3,82.6,13.1,20.3
529,529,75.5,227.6,9.3,3.3,2.3
530,530,229.2,270.3,35.9,4.3,11.7
531,531,81.6,100.6,12.4,1.8,4.1
532,532,243.7,353.3,10.7,14.8,16.9
533,533,382.3,1554.7,33.6,14.6,29
534,534,350,296.4,48,10.1,16.8
535,535,173.5,150.8,6,7.1,21.3
536,536,162.9,113.1,12.9,5.5,15.4
537,537,125.8,85.2,15,1,14.1
538,538,274.8,334.6,3.2,14.2,33.6
539,539,280.7,143.6,14,12.6,27.7
540,540,165.4,156.4,25.2,5.4,3.4
541,541,77.7,564.9,6.8,3.1,6
542,542,132.8,298.7,4.2,8.1,9.9
543,543,143.4,55,10.5,8.6,6.9
544,544,193.8,613.6,3.1,14.8,11.4
545,545,92,580.7,5.7,3.4,10.2
546,546,69.6,350.1,8.4,1.4,6.2
547,547,184.2,233.5,6.2,12.8,11
548,548,89.1,457,12.3,2.5,4.1
549,549,71.2,153.1,4.6,2.9,6.9
550,550,124.8,405.7,3,5.7,14.9
551,551,78.7,318.4,4.8,4,5.4
552,552,213.3,246,8.5,14.1,12.1
553,553,171.5,112.2,20.2,9.4,3.3
554,554,62.2,477.8,11.5,0.4,3.1
555,555,186.1,460.7,21.5,4,16
556,556,238.6,118.7,16.7,13.1,13.6
557,557,282.6,41.4,37,10.4,10.4
558,558,68.6,122.3,8.2,2.6,2.6
559,559,306.8,150.9,2.7,22.5,23.3
560,560,155.6,610.2,5.6,10.1,10.5
561,561,117.8,80.3,6.4,8.4,4.2
562,562,187.1,329.5,3.6,11.6,17
563,563,162.2,115.9,6.6,8.6,14.5
564,564,49.1,176.1,11.2,0.2,0.7
565,565,487.8,362.3,31.1,26.1,23.3
566,566,125.5,60.5,15.1,2,11.8
567,567,285,433.9,22,14.3,17
568,568,210.4,351,33.7,6.1,5.1
569,569,94.34,17.24,1.13,3.58,14.4
570,570,122.34,1.18,16.58,5.1,2.53
571,571,44.3,25.5,8.3,0.4,2
572,572,19.1,63.5,1.1,0.9,1.7
573,573,179.2,120.2,15.1,10.4,6.3
574,574,241,4.16,39.76,6.27,6.35
575,575,131.3,5.3,5.7,10.2,4.1
576,576,173.3,148.2,7.3,11,11.3
577,577,271,1.83,53.05,1.86,10.59
578,578,376,8.1,55.8,12.73,9.53
579,579,277,4.46,56.14,1.92,8.73
580,580,233,4.69,37.02,3.47,10.98
581,581,65.4,34.7,8.3,1.9,3.7
582,582,222.7,13.9,9,18.6,4.7
583,583,309.3,279.4,12.3,21.1,17.5
584,584,110.1,46.9,7.6,5.1,8.3
585,585,491.8,893.9,9.4,43.2,16.4
586,586,459.4,211.8,9.9,30.8,35.6
587,587,287,489.2,41.8,8.6,10.5
588,588,303,2.28,36.07,13.54,9.2
589,589,10.86,1.85,2.56,0,0.14
590,590,44.1,26.8,4.2,2.8,0.6
591,591,161.9,173.6,13.1,9.2,6.8
592,592,9.9,82.7,0.8,0.1,1.5
593,593,22,110.2,2.6,0.8,1
594,594,187.8,109.1,24.1,7.9,5
595,595,297.2,596.3,27.2,17.6,7.5
596,596,121.7,425.3,9.4,8.1,2.7
597,597,121.1,526.4,5.5,4.7,14.2
598,598,517,566,47.4,22,32.5
599,599,423.9,561.9,30.2,20.1,30.4
600,600,260,250.5,37.2,5.1,16.3
601,601,34.4,209,7.5,0.2,0.8
602,602,46.5,226.87,3.42,0.77,6.49
603,603,46.9,500.6,8.4,1.1,0.9
604,604,393.26,144.48,87.64,1.37,7.59
605,605,23.2,113.5,0.2,1.3,1.4
606,606,74.9,561,14.7,0.1,3.8
607,607,46,170.4,6.6,0.6,3.5
608,608,211.4,241.6,9.2,7.7,26.2
609,609,239,12.37,43.76,4.25,6.41
610,610,279,13.53,41.91,8.35,9.08
611,611,449.8,385.3,39,26,15
612,612,267.6,478.9,12.9,12.2,26.5
613,613,238.9,585.2,28.6,6.6,16.3
614,614,35.96,103.32,5.71,0.7,1.71
615,615,315,1.61,51.04,7.55,10.61
616,616,33.2,200.2,6.1,0.2,1.7
617,617,244.3,157.8,21.8,7.2,23.1
618,618,467.2,478.6,14.8,30.6,33.3
619,619,420.7,551.5,13.8,29.9,24.3
620,620,73.8,54.3,25,4.1,6.8
621,621,2,85,2,0.1,0.6
622,622,42.14,2.06,10.3,0.02,0.18
623,623,71.7,280.5,9.4,1,6.3
624,624,929,7.54,34.64,14.21,6.42
625,625,237,1.7,29.14,7.65,12.79
626,626,583.9,601.2,88.6,14.3,25.2
627,627,379.3,248.5,49,11.9,19
628,628,392.5,221.7,60.4,11.6,11.7
629,629,601.9,450.2,24.3,39.3,37.8
630,630,575.9,55.6,92.2,17.3,12.9
631,631,93.33,155.11,3.64,2.2,14.75
632,632,206.1,284.6,20,6.8,16.4
633,633,575.2,655.6,40.5,33.8,27.3
634,634,462.2,60.8,54.5,21.9,11.8
635,635,655.5,738.3,80.1,26.6,23.9
636,636,233.8,156.7,7.3,17.1,12.7
637,637,265.6,360,49,3.2,10.2
638,638,427.8,3.6,85.8,5.5,8.8
639,639,568.5,451,95.7,10.2,23.4
640,640,181.76,159.3,4,13.23,11.68
641,641,31.66,284.48,6.33,0.39,0.72
642,642,126.6,177.5,14.8,0.6,15.5
643,643,9.97,112.95,1.96,0.11,0.3
644,644,108.3,366,8.9,5,6.8
645,645,231.6,475.4,14.5,12,16.3
646,646,501.9,344.1,4.8,34.2,43.8
647,647,366.9,370.6,60.6,7.2,14.9
648,648,595.1,307.7,30.4,41.5,25.1
649,649,414.6,361.3,19.2,33.3,9.6
650,650,90.1,76.1,8.2,2.7,8.2
651,651,14,40.5,2.6,0.2,0.6
652,652,13.46,30.88,2.99,0.02,0.34
653,653,35.4,174.6,2.5,2.3,1.1
654,654,53.7,382.6,9.9,0.7,1.9
655,655,187.1,288.1,8.4,10.3,15.3
656,656,341.6,191.6,11.8,25.3,16.6
657,657,542.8,451.7,38.3,26.1,38.6
658,658,263.6,200.7,9.4,18.5,14.8
659,659,115.5,356.5,5.2,5.2,12.1
660,660,277.3,201.2,8,20.8,14.5
661,661,298.6,579.7,30.7,16.6,6.8
662,662,37.8,305,8.78,0.01,0.64
663,663,44.9,52.1,4,1.3,4.2
664,664,86.7,178.5,9.6,3.4,4.4
665,665,15.87,29.8,2.75,0.14,0.9
666,666,289.9,349.6,13.4,13.5,28.7
667,667,281.4,74.3,2,19.5,24.4
668,668,216.4,647.7,7.2,14.2,14.6
669,669,99.6,135.5,3.9,3.5,13.2
670,670,104.12,25.88,11.33,4.28,5.07
671,671,20.9,113.1,0.6,1.5,1.3
672,672,59.2,215.6,5.3,2.3,4.3
673,673,43.05,7.24,9.8,0.24,0.42
674,674,201.5,308.8,26.9,6.2,9.4
675,675,355.4,172.9,24.7,19.9,19.4
676,676,235.4,682.6,9.1,12.5,21.7
677,677,51.5,158.2,3.8,3,2.4
678,678,179.7,45.2,3.1,10.7,17.8
679,679,174.7,73,11.9,8.5,13.1
680,680,262,238,8.3,15.5,19.4
681,681,343.7,120,48.3,10,13.4
682,682,97.2,241,3.8,5.1,7.9
683,683,387.7,80,8,26.1,20.4
684,684,183.6,200,16.5,7.3,12.9
685,685,182.5,163,15.3,10.3,11.3
686,686,13.46,30.88,2.99,0.02,0.34
687,687,67.1,280.4,6.1,2.3,5.5
688,688,329,156,24.5,13.6,27.1
689,689,27.93,3.37,6.42,0.07,0.41
690,690,37.47,80.06,8.1,0.16,0.9
691,691,165.4,129.2,30.9,1.7,6.7
692,692,493.1,204.5,22.4,29.6,34.3
693,693,264.2,437.1,16.1,8.5,30.8
694,694,255.8,135.2,11.8,15.9,16.4
695,695,303,62,4.2,22,19.8
696,696,314.1,110,3.5,20.6,18.6
697,697,246.5,175,17.3,14.5,13.1
698,698,202.4,257,10.3,13.2,9.4
699,699,191,219,4.7,14.8,9.4
700,700,154.6,270,27.6,0.9,9.8
701,701,290,81,7,13.8,23
702,702,125,144,5.8,6.1,12
703,703,279.9,105,6.3,20.3,14.7
704,704,104,202,17.5,2.4,5.1
705,705,49.5,257,3.5,2.8,4.8
706,706,166,377.5,14.9,6.6,11.7
707,707,19.9,19.8,3.8,0.2,0.7
708,708,340.5,136.4,40.5,16.8,6.9
709,709,106.2,357.6,21.2,1.2,2.7
710,710,379,340.6,14.3,23.3,28
711,711,266.5,317,41.7,6.6,10.1
712,712,125.2,120.1,22.9,2.8,2
713,713,73.8,305,7.6,0.6,10.8
714,714,45.2,232,10.4,0.9,4.8
715,715,234.4,169,28.9,7.2,12.7
716,716,261,470,21.9,11.1,17.6
717,717,51.9,153,7.1,0.4,6.8
718,718,226.7,233,18.5,14.3,10
719,719,182.6,146,2.6,12.8,15.6
720,720,173.3,159,16.8,8.8,10.6
721,721,212.9,181,17.6,13.1,8.8
722,722,48.3,171,3.9,1.2,7
723,723,36,62,5.3,0.5,3.3
724,724,129,398,7.4,6.7,9.4
725,725,152.2,190,8.8,4.3,20
726,726,46.2,192,1.8,0.7,8.1
727,727,192.6,159,16.3,8.9,10.7
728,728,28.76,4.9,3.82,1.19,0.69
729,729,323.8,311.5,36.5,12,17.5
730,730,65.06,6.56,13.74,0.42,0.96
731,731,500.6,852.1,80.1,12.6,16.7
732,732,431.7,121.1,8.3,29.5,33.3
733,733,160.9,214,34.9,1,3.1
734,734,32.1,305.1,5.6,0.4,1.5
735,735,246.2,362,8.5,38.7,11.6
736,736,143.4,25.3,32.8,0.1,1.1
737,737,92.8,7,24.3,0.3,1.6
738,738,182,7,39.4,0.5,1.5
739,739,87,30,14.8,2.4,3.4
740,740,247.9,233,54,2.4,3.9
741,741,113.18,187.59,5.65,6.05,9.03
742,742,60.3,130.4,4.5,3.2,3.4
743,743,146.42,675.68,17.4,5.17,7.57
744,744,205.5,186.9,15.9,8.5,16.3
745,745,46.99,171.08,3.2,1.01,6.28
746,746,566.2,744,32.8,32.4,35.8
747,747,299.7,248.3,20.9,13.1,24.7
748,748,13.7,379.3,2.2,0.1,1
749,749,186,406,4.4,5.5,28.1
750,750,132,2,29.4,0.8,3
751,751,157,294,8,9.8,10.1
752,752,86,22,21.9,0.2,1.9
753,753,123,226,8.4,5.5,10.2
754,754,161,229,23.3,4.6,7.8
755,755,219.2,227,32.8,7.6,6.1
756,756,325,125,59,4.9,807
757,757,145,1,23.3,3,5.4
758,758,136,309,25.7,2.4,4.3
759,759,137,12,30.1,0.4,3.5
760,760,135,200,11.3,6.4,6.7
761,761,109,106,10.1,5,6.9
762,762,91.12,1.97,2.85,5.74,7.02
763,763,95.86,1.44,22.44,0.27,0.91
764,764,200.4,197.1,3.9,8.9,23.9
765,765,148.51,5.24,36.44,0.19,0.25
766,766,448.5,214.4,69.9,6.6,27.4
767,767,504.8,709.8,12.6,37,30.4
768,768,169,117,20.8,4.7,12.4
769,769,114,163,8.7,6.1,9.31
770,770,213,72,34.2,4.7,7.3
771,771,112,211,8.5,4.7,9
772,772,104,10,18.9,1.3,5.6
773,773,164,2,23.6,4.8,7.1
774,774,77,20,18.2,0.2,2.6
775,775,102,46,16,3.8,3.1
776,776,87,205,9.3,1.1,9.9
777,777,205,49,25.2,10.9,2.2
778,778,109,36,17.4,2.1,4.6
779,779,71,5,18.2,0.2,1.2
780,780,91,10,15.4,3.1,2.4
781,781,194,188,33.7,3.2,6
782,782,76,87,7.1,3,5.8
783,783,87,209,3.9,5.4,6.1
784,784,103,397,11,2.2,9.4
785,785,40.71,128.73,3.02,2.68,1.13
786,786,104.06,101.08,7.87,5.31,6.2
787,787,342.6,178,17.2,15.7,33.1
788,788,52.15,9.69,10.83,0.54,1.01
789,789,293.9,583.6,51.5,5.6,9.3
790,790,277.3,178.9,31.4,5.9,24.6
791,791,277.9,845.7,41.5,9.5,6.7
792,792,142,156,13.8,4.9,10.8
793,793,118,6,22.3,3.7,2.1
794,794,209,51,44,3.5,2.7
795,795,150,190,20.6,4.9,7.1
796,796,67,2.5,11.9,1.7,2.8
797,797,191,177,29.4,4,11.6
798,798,73,2,16.7,1.2,1.3
799,799,135,25,25.1,4.2,1.8
800,800,70,5,18.3,0.6,1.1
801,801,302,293,53.4,3.4,13.7
802,802,280,350,57.4,2.6,10.9
803,803,202,395,38.6,3.5,11.1
804,804,190,8,22.3,9.6,8.3
805,805,141.6,86,22.9,2.4,7.2
806,806,88,62,8.4,1.7,10
807,807,374,524,63.8,5,13.9
808,808,46.5,63.5,2.5,0.7,7.6
809,809,287.6,83.6,8.7,14.1,31.6
810,810,11.45,1.05,2.59,0.04,0.18
811,811,57.4,33.8,9.9,1.1,1.9
812,812,159.24,32.68,12.03,7.88,10.05
813,813,384.1,267.4,77.2,5.1,7.5
814,814,145,308,13.5,3.9,15
815,815,1311,188,7.3,7.5,8.3
816,816,294,36,6,21,17.9
817,817,258,196,24.5,11.5,14.7
818,818,213,263,30,0.7,20.1
819,819,159,27,25.8,4.8,5.2
820,820,253,110,40.5,6.4,9.4
821,821,153,272,20.3,4.9,5.9
822,822,236,484,42.3,2.1,9.7
823,823,156,213,19.9,4.8,7.8
824,824,311,352,13.5,18,22.8
825,825,94.02,9.56,20,0.97,1.33
826,826,195.85,265.63,24.74,5.18,12.58
827,827,80.12,51.78,10.18,3.85,1.19
828,828,210.1,198.3,12.5,9.2,19.3
829,829,138.1,132.8,10.8,6.5,9.1
830,830,591.6,135.9,39.6,40.6,17
831,831,145.7,13.62,17.73,6.74,3.54
832,832,286,2.07,47.11,7.34,7.97
833,833,847.4,712.2,113.1,31.3,28.4
834,834,349.6,701.4,50,7.8,19.8
835,835,172.1,88.2,17.7,9.4,4.2
836,836,183,269,9.8,6.2,21.1
837,837,128,89,9.5,0.7,21.5
838,838,111,107,10.2,5.9,4.4
839,839,138,163,22.9,2.9,6.3
840,840,92,79,5.1,41,8.1
841,841,79,311,13.2,1.6,4.3
842,842,127,109,15,3.6,9.9
843,843,124,32,17.3,5.3,3.9
844,844,97,36,7.2,4.9,7
845,845,89.4,55,8.5,3.4,7
846,846,233,4,26.9,8.2,4.7
847,847,105,284,7.4,4.5,9.2
848,848,136,52,34.3,0.6,1.9
849,849,104,51,2.2,4.5,13.8
850,850,11.96,1.67,2.53,0.01,0.45
851,851,623.5,312.9,50.8,27.2,43.8
852,852,105.56,8.32,19.51,2.75,0.67
853,853,353,5.64,44.89,13.64,12.56
854,854,816.8,498.9,83.6,34.4,43.3
855,855,266.3,349.1,22.1,9.2,23.7
856,856,110,31,13.7,6.5,1.2
857,857,166,13,36.6,2.7,2.9
858,858,182,29,38.7,2.4,2.8
859,859,110,23,28.3,0.2,2.1
860,860,136,5,33,0,3.6
861,861,72,17,17.7,0,1.8
862,862,153,10,29.2,2.4,5.5
863,863,94,1,7.9,6.8,2.1
864,864,259,42,56.2,0.7,7
865,865,240,67,41.9,5.6,8.9
866,866,183,45,18.9,7,11.4
867,867,229,310,35.9,3.8,11.5
868,868,151,293,6.7,8.3,12.1
869,869,236,58,44.6,5.6,6.3
870,870,229,98,7.6,15.1,13.8
871,871,235,448,36.3,4,12.6
872,872,160.6,1.31,22.36,6.97,2.11
873,873,66.9,103.4,10.2,2.4,1.1
874,874,222.6,70.5,10.2,19.2,2.3
875,875,10.34,15.81,1.52,0.13,0.77
876,876,162,881.6,9.5,4,22.1
877,877,195.8,34.5,27.3,5.4,9.4
878,878,380.8,637.3,77.3,2.1,11.2
879,879,191.5,324.6,22.3,6.7,11
880,880,230.2,412.7,16.7,12.1,13.5
881,881,229.2,71.9,38.4,6.5,3.7
882,882,515.1,679.8,69.3,18.9,14.5
883,883,239.3,337.6,47.9,2.9,8.4
884,884,154.6,699,16.5,5,9.7
885,885,252,446.7,13.1,13.7,13.8
886,886,105,617.2,12.5,2.6,7.8
887,887,133,258.1,10,5.1,12.1
888,888,197.9,237.6,14.9,9.5,13.3
889,889,145.6,352.7,7.8,9.8,7.4
890,890,322,476,50.6,8.1,14.9
891,891,136,243,14.8,5.1,8.1
892,892,163,346,1838,3.4,15.5
893,893,204,354,27.5,6,11.3
894,894,177,404,3.5,10.1,17
895,895,198,20,27.3,7.9,5.4
896,896,139,40,24.1,3.9,2.6
897,897,181,313,24.9,5.2,9.2
898,898,148,536,8.3,6.2,14.4
899,899,194,77,23.3,7.4,8.8
900,900,1,1,1,1,1
901,901,103,67,17.4,2.8,3.1
902,902,38,152.6,5.6,1.3,2
903,903,128.7,132.8,19.5,4.9,2.1
904,904,383.1,219.7,57.1,15,5.8
905,905,368,226.4,75.1,2.3,10.1
906,906,399.5,532.8,73.3,6.2,9.7
907,907,85.4,424.8,10.6,1,9.3
908,908,123.4,567.7,3.7,4.9,15.2
909,909,197,237.6,5.3,13.4,13.4
910,910,137.3,355.9,7.8,7.1,10.3
911,911,271.6,295.2,43.5,7.1,10.6
912,912,24.9,127.9,4,0.9,1
913,913,83.4,256.1,5.5,5.7,3.5
914,914,30,316.6,5.2,0.7,1.4
915,915,39.2,220.8,3.8,0.8,4.7
916,916,115.6,132.5,20.2,1.7,3.2
917,917,37.6,68,4.7,2.5,0.9
918,918,154.6,207,10.1,9.1,7.8
919,919,109,317,10.1,2.9,10.3
920,920,61,139,10.3,2.5,1.6
921,921,124,300,13.9,4.1,1.2
922,922,117,361,5.9,4.6,13.8
923,923,213,220,24.5,6.4,14.5
924,924,71,223,6.3,3,6
925,925,84,57,13.2,3.3,2.3
926,926,89,242,8.8,3.1,8.3
927,927,83,14,10.9,4.4,2.6
928,928,121,5.5,25.3,1.5,4
929,929,252.4,118.1,19.63,2.12,4.29
930,930,335.1,79.4,35.43,6.84,5.79
931,931,375.2,750.7,18.4,3.4,2.6
932,932,103.4,50.2,4.3,4.3,11.9
933,933,186.1,220.6,0.99,1.69,4.95
934,934,155,760,7,9,11
935,935,362.9,161,37.2,21.4,7.2
936,936,322,213,60.3,6.5,13.5
937,937,167,13,29.5,4.9,4.8
938,938,277,84,58.1,3.5,5.5
939,939,126,2,28.3,0.7,3.4
940,940,108,185,15.7,2.8,5.9
941,941,735,573,100,32,12
942,942,0,0,0,0,0
943,943,229.2,71.9,38.4,6.5,3.7
944,944,398,4.3,65.4,6.6,19.2
945,945,598.4,3.1,85,17.8,24.6
946,946,594.3,1.3,120.1,5.9,15.2
947,947,439.5,8,62.4,11.2,22.3
948,948,467,22.7,76.5,12.6,12
949,949,498.3,8.4,70.3,14.7,21.2
950,950,379.2,1.1,445.4,11.5,10.8
951,951,441,0.9,81.6,5.6,8.6
952,952,295,4.5,52.5,3.7,12.9
953,953,735.7,242,101.2,16.9,29.6
954,954,330.8,115,55.2,5.7,14.2
955,955,368.7,774,66,10.9,9.2
956,956,325,125,59,4.9,8.7
957,957,478.7,83,61,18.3,18.2
958,958,315.1,558,57.5,3.5,13.3
959,959,321.5,102,63.6,5.2,6.3
960,960,287.1,9,60,0.1,11.8
961,961,211.2,150,34.4,4.8,6.1
962,962,399.7,320,75.7,4.5,13.4
963,963,92.6,379,12.1,3.8,6.6
964,964,346.5,199,36.4,13,24.3
965,965,258.6,261,30.8,7,15
966,966,319,105,48,7.1,16.1
967,967,336.8,21.1,33.3,16.4,14
968,968,157.4,9.9,15.6,9.7,1.9
969,969,350.3,15.7,40.8,14.2,14.7
970,970,44.2,2.7,7.5,0.1,3.2
971,971,364.2,1.9,9.2,22.6,31
972,972,362.3,25.2,34.6,17.3,17
973,973,465.7,17.1,34.3,14.9,48.5
974,974,458.6,5.1,68.4,16.8,8.6
975,975,376.5,22.4,45.5,11,23.9
976,976,335.6,8.8,27.1,19.8,12.2
977,977,508.7,3,58.6,23.4,15.9
978,978,479.3,5.7,16.6,30.7,34.1
979,979,584.8,4.9,76.4,25.2,13.1
980,980,80.7,7.5,11.2,1,6.6
981,981,324,1.3,18.2,16.8,25.1
982,982,,,,,
983,983,308.4,12.4,44.3,10.9,8.4
984,984,286.1,275,38.5,7.6,14
985,985,344.4,62,48,14.9,8.4
986,986,162.9,87,30.5,3.3,3.6
987,987,205,120,26.3,1,5.7
988,988,282.4,318,50.6,7.4,8.7
989,989,37.6,68,4.7,2.5,0.9
990,990,51.2,113,10.7,0.3,1.7
991,991,150.6,147,4.9,11.7,6.2
992,992,39.6,196,9.7,0.3,2.4
993,993,129,272,21.8,4.1,0.9
994,994,37.9,220,5.2,1.6,2
995,995,310.4,77,46.1,10.7,6.7
996,996,134.6,163,23.9,4,2.4
997,997,300.6,76,5.6,30.2,2.5
998,998,38.1,32,3.4,2.7,1.6
999,999,267.7,71,38.8,10.2,3.2
1000,1000,19.4,108,3.9,0.5,1.1
1001,1001,420.7,22.6,53.6,18.2,10.5
1002,1002,122.6,19.1,24.3,0.4,5.5
1003,1003,98.3,14.6,20.8,0.6,2.3
1004,1004,96.5,8.9,17.3,1.2,4
1005,1005,48.4,9.3,10.1,0.2,1.5
1006,1006,347.6,10.7,16.2,22.7,19.6
1007,1007,446.8,9.9,68.3,13.1,14
1008,1008,198.4,23.1,35.9,3.8,5.1
1009,1009,598.5,30.3,121.8,5.8,12.5
1010,1010,496.2,20.9,73.8,18.6,8.4
1011,1011,411,8.5,53,15.7,14.3
1012,1012,337,10.9,35.5,18.5,7.2
1013,1013,211.2,24.7,35,2.8,11.5
1014,1014,526.8,9.2,80.1,16.4,14.7
1015,1015,367.2,18.7,45.8,18.7,3.8
1016,1016,459.8,18.6,55.4,23.6,6.4
1017,1017,661.8,44,73.8,36.8,8.9
1018,1018,651.3,36.5,82.6,31.4,9.5
1019,1019,38.4,202,9.6,0.2,1.4
1020,1020,375.4,187,20.4,17.5,13.6
1021,1021,14.1,337,3.7,0,0.3
1022,1022,71.7,181,6.8,4.1,4.7
1023,1023,94.4,86,21.4,0.8,0.3
1024,1024,197.7,255,29.7,6.3,6.3
1025,1025,77.7,110,6.3,5.5,1.4
1026,1026,250.4,111,41.3,5.8,6.9
1027,1027,240.4,225,10.5,14.1,21.7
1028,1028,253.9,9,39,11.1,1.2
1029,1029,220.1,117,15.9,12.5,15.5
1030,1030,96.4,210,10.7,3.6,7.5
1031,1031,61.3,258,7.4,2.2,3.9
1032,1032,179.7,164,4.5,12.5,13
1033,1033,123.5,211,5.7,6.6,12.3
1034,1034,221.7,140,14.3,16.2,7
1035,1035,395.7,35.3,71.9,9.2,6.4
1036,1036,359.9,30.8,64.6,8.1,7.2
1037,1037,303,22.3,49,10,4.3
1038,1038,679.1,18.8,41,47.6,21.8
1039,1039,227.9,29.9,44.2,3.5,4.8
1040,1040,512.3,40.6,82.8,14.7,12.2
1041,1041,22.8,23.7,39.3,4.6,6.1
1042,1042,310.8,4.3,64.8,2.1,8.1
1043,1043,339.5,6.4,53.3,9,11.2
1044,1044,401.4,12.4,60.1,14.4,7.9
1045,1045,693,34.4,92.3,32.6,7.5
1046,1046,416.5,1.7,27.7,25.8,18.3
1047,1047,319.1,10.4,32.6,17.9,6.8
1048,1048,424.7,32.6,73.8,8.1,14.1
1049,1049,595.3,17.3,81.7,21.1,19.7
1050,1050,300.1,4.7,39,2.6,23.3
1051,1051,450,29.7,57.9,16.3,18
1052,1052,369.1,11.1,30.9,22,11.9
1053,1053,118.4,49,14.7,4,7
1054,1054,199.4,481,27.8,7.5,10.1
1055,1055,310.3,62,43.7,13.9,4.9
1056,1056,165.2,13.1,29.2,3.6,4.1
1057,1057,374,3,81.9,2,7
1058,1058,302.7,9,63.1,3.2,5.3
1059,1059,93.5,13.8,21.4,0.5,1
1060,1060,156.2,26.1,37.9,0.1,0.8
1061,1061,30.4,5.2,6.7,0.1,0.7
1062,1062,337.2,14.1,40.5,13.3,13.9
1063,1063,210,18.5,30.3,7.1,6.2
1064,1064,107.5,16.4,25.4,0.3,0.9
1065,1065,153.2,15.2,34.2,0.3,3.4
1066,1066,166.5,8.7,22.9,4.2,9.3
1067,1067,40.4,4.9,9,0.1,0.7
1068,1068,139.6,7,10.2,7.7,7.4
1069,1069,87.5,14.8,16.4,0.1,5.3
1070,1070,247.2,21,39,7.1,6.9
1071,1071,53.5,802.28,4.1,0.56,8.01
1072,1072,150.3,17.9,15.8,8,3.9
1073,1073,84.01,106.88,9.69,2.27,6.2
1074,1074,24.3,1.5,4.8,0.4,0.4
1075,1075,46.89,359.39,7.76,0.02,3.93
1076,1076,138.34,141.1,8.67,7.1,9.95
1077,1077,200.49,286.23,15.41,8.91,14.66
1078,1078,139.65,155.03,2.05,13,11.12
1079,1079,116.15,209.76,11.17,5.19,6.19
1080,1080,42.18,39.9,0.9,2.7,3.57
1081,1081,432.26,319.2,28,32.76,6.36
1082,1082,240.26,149.4,25.92,11.29,8.89
1083,1083,34.24,159.33,2.75,2.19,0.89
1084,1084,131.87,215.71,3.03,8.14,11.62
1085,1085,147.88,86.13,24.31,3.55,4.67
1086,1086,79.6,72.8,16.2,0.9,1.7
1087,1087,102.7,16.2,24.7,0.1,0.8
1088,1088,88.3,11.1,21.1,0.2,0.5
1089,1089,171.9,8.4,20.5,6.6,7.6
1090,1090,25.34,122.77,3.31,0.63,1.61
1091,1091,56.87,30.64,12.64,0.46,0.55
1092,1092,50.18,94.33,2.13,0.72,1.59
1093,1093,55.6,557.3,9.2,1.1,2.1
1094,1094,11.26,142.6,1.16,0.34,0.9
1095,1095,62.3,65.9,9.2,1.6,2.8
1096,1096,423.3,59.2,73.2,10.3,9.5
1097,1097,83.6,386.1,9.1,4.3,2.1
1098,1098,175.5,304.1,20.8,6,9.6
1099,1099,154.1,681.3,12.2,6.5,11.7
1100,1100,84.8,263.9,12,3.1,2.2
1101,1101,178.6,459.1,4.5,10.3,17.1
1102,1102,118.41,341.91,7.28,7.5,5.44
1103,1103,46.98,36.9,4.43,1.95,2.92
1104,1104,128.76,40.75,23.35,1.43,5.62
1105,1105,303,4.98,50.96,6.43,10.49
1106,1106,269,6.42,44.91,5.84,9.23
1107,1107,304,11.22,50.51,7.22,9.18
1108,1108,285,8.51,55.76,2.55,9.84
1109,1109,242,0.98,37.22,6.93,7.76
1110,1110,221.9,689.5,16.2,8,21.2
1111,1111,346,128.7,69.7,3,9.9
1112,1112,179,294.2,29.9,2.9,8.3
1113,1113,34.32,4.22,6.11,0.46,1.45
1114,1114,46.85,630.14,5.29,1.33,3.43
1115,1115,15.1,196.8,2.8,0,0.9
1116,1116,289,308.2,17.5,14.5,22.2
1117,1117,228,5.35,41.59,3.06,8.52
1118,1118,203.9,100.3,16.3,13,5.4
1119,1119,78.9,169.5,14.5,0.2,4.7
1120,1120,482.8,70.6,61.7,16.3,22.4
1121,1121,548.4,229.8,58.3,28,15.9
1122,1122,124,55.2,10.2,2.9,14.3
1123,1123,270.6,36.2,48.1,4.9,8.5
1124,1124,536.9,318.3,44.8,25.6,31.9
1125,1125,197.7,66.2,9.8,10.4,16.2
1126,1126,23.07,60.48,2.14,0.72,2.01
1127,1127,228.82,466.2,47.95,0.09,9.06
1128,1128,116.56,140.65,13.68,5.16,3.85
1129,1129,46.7,67.5,7.3,0.3,3.7
1130,1130,212,3.79,31.83,4.64,10.81
1131,1131,825.2,91.6,70.6,50.8,21.5
1132,1132,36.2,155.8,4.9,1.2,1.6
1133,1133,102.7,314.7,6.9,2.6,12.8
1134,1134,128.2,519.2,11.9,7.2,4.1
1135,1135,216.9,454.2,8.6,9.6,23.9
1136,1136,88.9,198.3,6.1,3.7,7.8